{"cameraMode":{"drawMode":0,"name":"Shaded","section":"Shading Mode"},"sceneLighting":true,"audioPlay":false,"sceneViewState":{"showFog":true,"showMaterialUpdate":false,"showSkybox":true,"showFlares":true,"showImageEffects":true,"showParticleSystems":true},"in2DMode":false,"pivot":{"x":19.149757385253908,"y":-9.21572494506836,"z":23.612709045410158},"rotation":{"x":-0.2454977035522461,"y":0.6148276925086975,"z":-0.2097764015197754,"w":-0.7195226550102234},"size":79.54235076904297,"orthographic":false}