{"cameraMode":{"drawMode":0,"name":"Shaded","section":"Shading Mode"},"sceneLighting":true,"audioPlay":false,"sceneViewState":{"showFog":true,"showMaterialUpdate":false,"showSkybox":true,"showFlares":true,"showImageEffects":true,"showParticleSystems":true},"in2DMode":false,"pivot":{"x":1.0093073844909669,"y":-1.5159540176391602,"z":0.38947463035583498},"rotation":{"x":0.1662977635860443,"y":-0.7961550354957581,"z":0.34421542286872866,"w":0.4690394699573517},"size":7.189199447631836,"orthographic":false}