{"cameraMode":{"drawMode":0,"name":"Shaded","section":"Shading Mode"},"sceneLighting":true,"audioPlay":false,"sceneViewState":{"showFog":true,"showMaterialUpdate":false,"showSkybox":true,"showFlares":true,"showImageEffects":true,"showParticleSystems":true},"in2DMode":false,"pivot":{"x":67.97492980957031,"y":2.090545654296875,"z":47.89930725097656},"rotation":{"x":0.1702122837305069,"y":0.7208991050720215,"z":-0.6442493796348572,"w":0.19046397507190705},"size":110.70011901855469,"orthographic":false}