{"cameraMode":{"drawMode":0,"name":"Shaded","section":"Shading Mode"},"sceneLighting":true,"audioPlay":false,"sceneViewState":{"showFog":true,"showMaterialUpdate":false,"showSkybox":true,"showFlares":true,"showImageEffects":true,"showParticleSystems":true},"in2DMode":false,"pivot":{"x":57.27108383178711,"y":15.751070022583008,"z":20.436086654663087},"rotation":{"x":-0.29052719473838808,"y":0.3627515733242035,"z":-0.12013542652130127,"w":-0.8772527575492859},"size":168.6211700439453,"orthographic":false}