{"cameraMode":{"drawMode":0,"name":"Shaded","section":"Shading Mode"},"sceneLighting":true,"audioPlay":false,"sceneViewState":{"showFog":true,"showMaterialUpdate":false,"showSkybox":true,"showFlares":true,"showImageEffects":true,"showParticleSystems":true},"in2DMode":false,"pivot":{"x":48.845726013183597,"y":6.6114501953125,"z":23.30942153930664},"rotation":{"x":-0.15739913284778596,"y":0.7516128420829773,"z":-0.19376851618289948,"w":-0.6105387806892395},"size":71.98826599121094,"orthographic":false}