{"cameraMode":{"drawMode":0,"name":"Shaded","section":"Shading Mode"},"sceneLighting":false,"audioPlay":false,"sceneViewState":{"showFog":true,"showMaterialUpdate":false,"showSkybox":false,"showFlares":true,"showImageEffects":true,"showParticleSystems":true},"in2DMode":false,"pivot":{"x":1.469534158706665,"y":1.0592637062072755,"z":0.07999996840953827},"rotation":{"x":-0.2454977035522461,"y":0.6148276925086975,"z":-0.2097764015197754,"w":-0.7195226550102234},"size":14.631338119506836,"orthographic":false}