{"cameraMode":{"drawMode":0,"name":"Shaded","section":"Shading Mode"},"sceneLighting":false,"audioPlay":false,"sceneViewState":{"showFog":true,"showMaterialUpdate":false,"showSkybox":false,"showFlares":true,"showImageEffects":true,"showParticleSystems":true},"in2DMode":false,"pivot":{"x":49.35456848144531,"y":19.639612197875978,"z":23.067623138427736},"rotation":{"x":-0.11736954003572464,"y":0.5939736366271973,"z":-0.08813633024692536,"w":-0.7909823060035706},"size":10.885738372802735,"orthographic":false}