{"cameraMode":{"drawMode":0,"name":"Shaded","section":"Shading Mode"},"sceneLighting":false,"audioPlay":false,"sceneViewState":{"showFog":true,"showMaterialUpdate":false,"showSkybox":false,"showFlares":true,"showImageEffects":true,"showParticleSystems":true},"in2DMode":false,"pivot":{"x":34.71379852294922,"y":23.009796142578126,"z":25.64756202697754},"rotation":{"x":0.17340435087680818,"y":0.7190719246864319,"z":-0.19345371425151826,"w":0.6445481181144714},"size":0.601533055305481,"orthographic":false}