{"cameraMode":{"drawMode":0,"name":"Shaded","section":"Shading Mode"},"sceneLighting":true,"audioPlay":false,"sceneViewState":{"showFog":true,"showMaterialUpdate":false,"showSkybox":true,"showFlares":true,"showImageEffects":true,"showParticleSystems":true},"in2DMode":false,"pivot":{"x":357.67498779296877,"y":404.2905578613281,"z":-38.63611602783203},"rotation":{"x":-0.053811319172382358,"y":0.746555745601654,"z":-0.06083639711141586,"w":-0.6603466868400574},"size":705.2728881835938,"orthographic":false}