{"cameraMode":{"drawMode":0,"name":"Shaded","section":"Shading Mode"},"sceneLighting":false,"audioPlay":false,"sceneViewState":{"showFog":true,"showMaterialUpdate":false,"showSkybox":false,"showFlares":true,"showImageEffects":true,"showParticleSystems":true},"in2DMode":false,"pivot":{"x":50.065338134765628,"y":18.93410301208496,"z":18.009418487548829},"rotation":{"x":-0.4059598743915558,"y":0.0921410471200943,"z":-0.04118192568421364,"w":-0.9083014130592346},"size":10.431780815124512,"orthographic":false}